Achaimenidenkönig	N	N	N	N	neu	N
Achämenidenkönig	N	N	N	N	neu	N
Achsbolzen	N	N	N	N	neu	N
Ackergott	N	N	N	N	neu	N
Adlergott	N	N	N	N	neu	N
Adlerkönig	N	N	N	N	neu	N
Admingott	Y	Y	Y	Y	pos	Y
Affenbruder	N	N	N	N	neu	N
Affengott	N	N	N	N	neu	N
Affenkönig	N	N	N	N	neu	N
Aftergott	Y	Y	N	N	neg	N
Ägypterkönig	N	N	N	N	neu	N
Ahnengott	N	N	N	N	neu	N
albenkönig	N	N	N	N	neu	N
Alemannenkönig	N	N	N	N	neu	N
Alexianerbruder	N	N	N	N	neu	N
Allmachtsgott	Y	N	N	N	neu	N
Alpenkönig	?	?	?	?	both	both
Alptraumkönig	Y	Y	N	N	neg	N
Amazonenkönig	N	N	N	N	neu	N
Ameisenkönig	N	N	N	N	neu	N
Ammenhai	N	N	N	N	neu	N
Ammenkönig	?	?	?	?	both	both
Amoriterkönig	N	N	N	N	neu	N
Ampelgott	N	N	N	N	neu	N
Amulettbruder	N	N	N	N	neu	N
Andalusierhengst	N	N	N	N	neu	N
Angelkönig	Y	Y	Y	Y	pos	Y
Angstbolzen	Y	Y	Y	N	neg	Y
Ankerbolzen	N	N	N	N	neu	N
Anschlagbolzen	N	N	N	N	neu	N
Apfelgott	Y	Y	N	N	neg	N
Appaloosahengst	N	N	N	N	neu	N
Aquariengott	N	N	N	N	neu	N
Aquarienhai	N	N	N	N	neu	N
Araberhengst	N	N	N	N	neu	N
Aramäerkönig	N	N	N	N	neu	N
Arbeiterkaiser	Y	Y	Y	Y	pos	Y
Arbeitsbruder	N	N	N	N	neu	N
Arbeitshengst	?	?	?	?	both	both
Argiverkönig	N	N	N	N	neu	N
Arkaderkönig	N	N	N	N	neu	N
Arkadierkönig	N	N	N	N	neu	N
Arvernerkönig	N	N	N	N	neu	N
Asenkönig	N	N	N	N	neu	N
Assistskönig	Y	Y	Y	Y	pos	Y
Assyrerkönig	N	N	N	N	neu	N
Atheistengott	N	N	N	N	neu	N
Äthiopierkönig	N	N	N	N	neu	N
Atlanterkönig	N	N	N	N	neu	N
Auenkaiser	Y	Y	Y	Y	pos	Y
Aufbaukönig	Y	Y	Y	Y	pos	Y
Auflagenkönig	Y	Y	Y	Y	pos	Y
Aufruhrgott	N	N	N	N	neu	N
Augustbolzen	N	Y	N	Y	neg	N
Auktionskönig	Y	Y	Y	Y	pos	Y
Aushilfsgott	Y	N	N	N	neu	N
Ausnahmehengst	Y	Y	N	N	pos	N
Ausnahmekaiser	N	N	N	N	neu	N
Ausnahmenhengst	Y	Y	N	N	pos	N
Ausredekönig	Y	Y	Y	?	both	Y
Autogott	?	?	?	?	both	both
Autokaiser	Y	Y	Y	Y	pos	Y
Autokönig	Y	Y	Y	Y	pos	Y
Automatengott	?	?	?	?	both	both
Automatenkönig	Y	Y	Y	Y	pos	Y
Automobilkönig	Y	Y	Y	Y	pos	Y
Autorengott	Y	Y	Y	Y	pos	Y
Aztekengott	N	N	N	N	neu	N
Aztekenkaiser	N	N	N	N	neu	N
Aztekenkönig	N	N	N	N	neu	N
Babybruder	N	N	N	N	neu	N
Babyhai	Y	N	N	N	neu	N
Babylonierkönig	N	N	N	N	neu	N
Bäderkönig	Y	Y	Y	Y	pos	Y
Baggerkönig	Y	Y	Y	Y	pos	Y
Baierkönig	N	N	N	N	neu	N
Bakterienbruder	N	N	N	N	neu	N
Balkenkönig	N	N	N	N	neu	N
Ballenbolzen	N	N	N	N	neu	N
Ballkönig	Y	Y	Y	Y	pos	Y
Bambushai	N	N	N	N	neu	N
Bananenkönig	Y	Y	Y	Y	pos	Y
Bankenkönig	Y	Y	Y	?	both	Y
Barbarenkönig	Y	Y	N	N	neg	N
Bärenbruder	N	N	N	N	neu	N
Bärengott	N	N	N	N	neu	N
Barockkaiser	N	N	N	N	neu	N
Baseballgott	?	?	?	?	both	both
Basilikenkönig	N	N	N	N	neu	N
Basiliskenkönig	N	N	N	N	neu	N
Bastardbruder	N	Y	N	N	neg	N
Bauerngott	N	N	N	N	neu	N
Bauernkaiser	N	N	N	N	neu	N
Bauernkönig	?	?	?	?	both	both
Baumgott	N	N	N	N	neu	N
Baumwollkönig	Y	Y	Y	Y	pos	Y
Bayerngott	Y	Y	Y	Y	pos	Y
Bayernkönig	N	N	N	N	neu	N
Beamtenkönig	N	N	N	N	neu	N
Bebrykenkönig	N	N	N	N	neu	N
Bebrykerkönig	N	N	N	N	neu	N
Begriffsgott	N	N	N	N	neu	N
Benediktinerbruder	N	N	N	N	neu	N
Benzinbruder	Y	Y	Y	Y	neg	Y
Berberhengst	N	N	N	N	neu	N
Berberkönig	N	N	N	N	neu	N
Berggott	N	N	N	N	neu	N
Bergkönig	?	?	?	?	both	both
Berufshengst	Y	Y	Y	Y	neg	Y
Bettlerkönig	Y	Y	Y	Y	pos	Y
Bezirkskaiser	Y	Y	Y	Y	pos	Y
Bezirkskönig	Y	Y	Y	Y	pos	Y
Bibelgott	N	N	N	N	neu	N
Bienenkönig	N	N	N	N	neu	N
Biergott	N	N	N	N	neu	N
Bierkönig	Y	Y	Y	Y	pos	Y
Bischofsbruder	N	N	N	N	neu	N
Bleibolzen	N	N	N	N	neu	N
Blitzbolzen	N	N	N	N	neu	N
Blitzgott	N	N	N	N	neu	N
Blödsinnskönig	Y	Y	Y	Y	pos	Y
Bluesbruder	N	N	N	N	neu	N
Bluesgott	Y	Y	Y	Y	pos	Y
Blumenkönig	N	N	N	N	neu	N
Blutbruder	Y	Y	Y	Y	pos	N
Blutgott	N	N	N	N	neu	N
Bocksgott	N	N	N	N	neu	N
Böhmenkönig	N	N	N	N	neu	N
Bohnenkönig	Y	Y	Y	Y	pos	N
Bombengott	?	?	?	?	both	both
Bordellkaiser	Y	Y	Y	Y	pos	Y
Bordellkönig	Y	Y	Y	Y	pos	Y
Borgkönig	N	N	N	N	neu	N
Börsenhai	Y	Y	Y	Y	neg	Y
Botengott	N	N	N	N	neu	N
Botschaftskönig	?	?	?	?	both	both
Boulevardkönig	Y	Y	Y	Y	pos	Y
Bourbonenkönig	N	N	N	N	neu	N
Branchenkönig	Y	Y	Y	Y	pos	Y
Brauereikönig	Y	Y	Y	Y	pos	Y
Brausegott	N	N	N	N	neu	N
Brautbruder	N	N	N	N	neu	N
Briefmarkenkönig	Y	Y	Y	Y	pos	Y
Brillenkönig	Y	Y	Y	Y	pos	Y
Britenkönig	N	N	N	N	neu	N
Brockenkönig	Y	Y	Y	Y	pos	Y
Bronzebolzen	N	N	N	N	neu	N
Brotgott	N	N	N	N	neu	N
Brotkaiser	Y	Y	?	?	pos	both
Brotkönig	Y	Y	N	N	neg	N
Brückengott	N	N	N	N	neu	N
Bruderkönig	N	N	N	N	neu	N
Bubigott	Y	Y	N	N	pos	N
Bücherkönig	Y	Y	Y	Y	pos	Y
Buchhaltergott	Y	Y	N	N	neg	N
Bügelbolzen	N	N	N	N	neu	N
Bühnengott	Y	Y	Y	Y	pos	Y
Bulgarenkönig	N	N	N	N	neu	N
Bullenhai	N	N	N	N	neu	N
Bundesgott	Y	Y	N	N	pos	N
Bundeskaiser	N	N	N	N	neu	N
Bundeskönig	Y	Y	Y	Y	pos	Y
Burgenkönig	Y	Y	Y	Y	pos	Y
Bürgerkaiser	N	N	N	N	neu	N
Bürgerkönig	N	N	N	N	neu	N
Burgkönig	Y	Y	Y	Y	pos	Y
Burgundenkönig	N	N	N	N	neu	N
Bürogott	?	?	?	?	both	both
Bürohengst	Y	Y	Y	Y	neg	Y
Bürokratenhengst	Y	Y	Y	Y	neg	Y
Buschkönig	Y	Y	N	N	neg	N
Busenbruder	Y	Y	N	N	pos	N
Bußbruder	N	N	N	N	neu	N
Butterkönig	Y	Y	Y	Y	pos	Y
Cartellbruder	N	N	N	N	neu	N
Championhengst	Y	Y	N	N	pos	N
Chaosgott	N	N	N	N	neu	N
Chaoskönig	Y	Y	Y	N	neg	Y
Charakterbolzen	Y	Y	Y	Y	pos	Y
Charmebolzen	Y	Y	Y	N	pos	Y
Chatkönig	Y	Y	Y	Y	pos	Y
Chefbruder	?	N	N	N	neu	N
Chefgott	Y	N	N	N	neu	N
Chinesenkaiser	N	N	N	N	neu	N
Chorbruder	N	N	N	N	neu	N
Chorkönig	Y	Y	Y	Y	pos	Y
Christenbruder	N	N	N	N	neu	N
Christengott	N	N	N	N	neu	N
Christenkönig	N	N	N	N	neu	N
Christgott	N	N	N	N	neu	N
Christkönig	N	N	N	N	neu	N
Cityhai	?	?	?	?	unsure	unsure
Claretinerbruder	N	N	N	N	neu	N
Computergott	Y	Y	Y	Y	pos	Y
Computerkönig	Y	Y	Y	Y	pos	Y
Corpsbruder	N	N	N	N	neu	N
Couchgott	N	N	N	N	neu	N
Dakerkönig	N	N	N	N	neu	N
Dämonengott	Y	Y	N	N	neg	N
Dämonenkaiser	Y	Y	N	N	neg	N
Dämonenkönig	Y	Y	N	N	neg	N
Dampfhai	N	N	N	N	neu	N
Dänenkönig	N	N	N	N	neu	N
Dartkönig	Y	Y	Y	Y	pos	Y
Daumenkönig	N	N	N	N	neu	N
Daunenkönig	Y	Y	Y	Y	pos	Y
Deckhengst	N	N	N	N	neu	N
Deichkaiser	Y	Y	Y	Y	pos	Y
Dekadenzbolzen	Y	Y	Y	N	neg	Y
Delikatessenkönig	Y	Y	Y	Y	pos	Y
Dellekönig	N	N	N	N	neu	N
Demenzbolzen	Y	Y	Y	N	neg	Y
Deppenkönig	Y	Y	Y	N	neg	Y
Despotengott	Y	Y	N	N	neg	N
Diamantenkönig	Y	Y	Y	Y	pos	Y
Dichterbruder	N	N	N	N	neu	N
Dichtergott	?	?	?	?	both	both
Dichterkaiser	N	N	N	N	neu	N
Dichterkönig	?	?	?	?	both	both
Diebesgott	N	N	N	N	neu	N
Diebsbruder	Y	Y	Y	N	neg	Y
Dieselbruder	Y	Y	Y	Y	pos	N
Discokönig	Y	Y	Y	Y	pos	Y
Diskjockeygott	Y	Y	Y	Y	pos	Y
Dividendenkaiser	Y	Y	Y	Y	pos	Y
Dolionenkönig	N	N	N	N	neu	N
Domänenkönig	Y	Y	Y	Y	pos	Y
Dominikanerbruder	N	N	N	N	neu	N
Donnerbolzen	Y	Y	Y	Y	pos	unsure
Donnergott	N	N	N	N	neu	N
Dorfgott	N	N	N	N	neu	N
Dorfkaiser	?	?	?	?	both	both
Dorfkönig	?	?	?	?	both	both
Dornenkönig	N	N	N	N	neu	N
Dornhai	N	N	N	N	neu	N
Dorschkönig	Y	Y	Y	Y	pos	Y
Dosenbruder	N	N	N	N	neu	N
Drachenbruder	N	N	N	N	neu	N
Drachengott	N	N	N	N	neu	N
Drachenkaiser	N	N	N	N	neu	N
Drachenkönig	N	N	N	N	neu	N
Dramenkönig	Y	Y	Y	Y	pos	Y
Drehbuchgott	?	?	?	?	both	both
Dreherkönig	Y	Y	Y	Y	pos	Y
Dressurhengst	N	N	N	N	neu	N
Driftkönig	Y	Y	Y	Y	pos	Y
Drogenkönig	Y	Y	Y	Y	pos	Y
Drogeriekönig	Y	Y	Y	Y	pos	Y
Dromedarhengst	N	N	N	N	neu	N
Druckbolzen	N	N	N	N	neu	N
Druidenkönig	N	N	N	N	neu	N
Dschungelkönig	Y	Y	Y	Y	pos	Y
Dwemerkönig	N	N	N	N	neu	N
Ebergott	N	N	N	N	neu	N
Echsenkönig	N	N	N	N	neu	N
Eckengott	Y	Y	Y	Y	pos	Y
Eckenkönig	Y	Y	Y	Y	pos	Y
Eichengott	N	N	N	N	neu	N
Eichenkönig	N	N	N	N	neu	N
Eierkönig	Y	Y	Y	Y	pos	Y
Eifersuchtsbolzen	Y	Y	Y	N	neg	Y
Einbrecherkönig	Y	Y	Y	?	both	Y
Einbruchskönig	Y	Y	Y	?	both	Y
Einheitsgott	N	N	N	N	neu	N
Einheitskönig	N	N	N	N	neu	N
Einhornhai	N	N	N	N	neu	N
Einhornhengst	N	N	N	N	neu	N
Einhornkönig	N	N	N	N	neu	N
Einkaufskönig	Y	Y	Y	Y	pos	Y
Eisenbahnkönig	Y	Y	Y	Y	pos	Y
Eisenbolzen	N	N	N	N	neu	N
Ekelbolzen	Y	Y	Y	N	neg	Y
Elamiterkönig	N	N	N	N	neu	N
Elbenbruder	N	N	N	N	neu	N
Elbenkönig	N	N	N	N	neu	N
Elefantengott	N	N	N	N	neu	N
Elefantenkönig	N	N	N	N	neu	N
Elementkönig	N	N	N	N	neu	N
Elendskönig	Y	Y	?	N	neg	both
Elfenkönig	N	N	N	N	neu	N
Elfmetergott	Y	Y	Y	Y	pos	Y
Elfmeterkönig	Y	Y	Y	Y	pos	Y
Elitehengst	Y	Y	N	N	pos	N
Emigrantenkönig	N	N	N	N	neu	N
Emotionsbolzen	Y	Y	Y	Y	pos	Y
Energiebolzen	N	N	N	N	neu	N
Engelhai	N	N	N	N	neu	N
Engelshai	N	N	N	N	neu	N
Engelskönig	Y	Y	N	N	pos	Y
Entenkönig	N	N	N	N	neu	N
Epaulettenhai	N	N	N	N	neu	N
Erdbebengott	N	N	N	N	neu	N
Erdenbruder	N	N	N	N	neu	N
Erdengott	N	N	N	N	neu	N
Erdenkönig	N	N	N	N	neu	N
Erdölgott	Y	Y	Y	Y	pos	Y
Erkenntnishai	Y	Y	Y	Y	unsure	Y
Erlenkönig	N	N	N	N	neu	N
Erntegott	N	N	N	N	neu	N
Erntekönig	?	?	?	?	both	both
Erotikgott	Y	Y	Y	Y	pos	Y
Ersatzbolzen	N	N	N	N	neu	N
Ersatzbruder	N	Y	N	Y	pos	N
Ersatzgott	Y	Y	N	Y	neg	N
Ersatzhengst	N	N	N	N	neu	N
Ersatzkaiser	N	N	N	N	neu	N
Ersatzkönig	N	N	N	N	neu	Y
Eselhengst	N	N	N	N	neu	N
Eselsgott	N	N	N	N	neu	N
Etappenhengst	Y	Y	Y	Y	neg	Y
Etruskerkönig	N	N	N	N	neu	N
Ewenkengott	N	N	N	N	neu	N
Exilkönig	N	N	N	N	neu	N
Exodusgott	N	N	N	N	neu	N
Exportkaiser	Y	Y	Y	Y	pos	Y
Exzenterbolzen	N	N	N	N	neu	N
Fabelkönig	?	?	?	?	both	both
Fahrkartenkönig	Y	Y	Y	N	neg	Y
Falkengott	N	N	N	N	neu	N
Falkenkaiser	N	N	N	N	neu	N
Falkenkönig	N	N	N	N	neu	N
Familiengott	N	N	N	N	neu	N
Farbenkönig	N	N	N	N	neu	N
Federbolzen	N	N	N	N	neu	N
Federkönig	N	N	N	N	neu	N
Feenkönig	N	N	N	N	neu	N
Feldgott	N	N	N	N	neu	N
Fernsehgott	Y	Y	Y	Y	pos	Y
Fernsehkönig	Y	Y	Y	Y	pos	Y
Festgott	N	N	N	N	neu	N
Feuergott	N	N	N	N	neu	N
Feuerkönig	N	N	N	N	neu	N
Filmbruder	N	N	N	N	neu	N
Filmgott	Y	Y	Y	Y	pos	Y
Filzbruder	N	Y	N	Y	neg	Y
Finanzhai	Y	Y	Y	Y	neg	Y
Finanzkönig	Y	Y	Y	Y	pos	Y
Finnengott	N	N	N	N	neu	N
Fischerkönig	Y	Y	Y	Y	pos	Y
Fischgott	N	N	N	N	neu	N
Fischkönig	N	N	N	N	neu	N
Fitnessgott	Y	Y	Y	Y	pos	Y
Fjordhengst	N	N	N	N	neu	N
Flambeurkönig	Y	Y	Y	Y	pos	Y
Flammengott	N	N	N	N	neu	N
Flammenkaiser	N	N	N	N	neu	N
Flankengott	Y	Y	Y	Y	pos	Y
Flankenkönig	Y	Y	Y	Y	pos	Y
Flavierkaiser	N	N	N	N	neu	N
Fledermausgott	N	N	N	N	neu	N
Fledermauskönig	N	N	N	N	neu	N
Fleischkönig	Y	Y	Y	Y	pos	Y
Fliegengott	Y	Y	N	N	neg	N
Fliegergott	Y	Y	Y	Y	pos	Y
Flirtgott	Y	Y	Y	Y	pos	Y
Flirtkönig	Y	Y	Y	Y	pos	Y
Fluchtkönig	Y	Y	Y	Y	pos	Y
Flügelgott	Y	Y	Y	Y	pos	Y
Fluggott	N	N	N	N	neu	N
Flurengott	N	N	N	N	neu	N
Flutgott	N	N	N	N	neu	N
Fohlenhengst	N	N	N	N	neu	N
Foltergott	Y	Y	N	Y	neg	N
Footballkönig	Y	Y	Y	Y	pos	Y
Forengott	Y	Y	Y	Y	pos	Y
Forscherkönig	?	?	?	?	both	both
Försterbruder	N	N	N	N	neu	N
Forumkönig	Y	Y	Y	Y	pos	Y
Forumsgott	Y	Y	Y	Y	pos	Y
Forumskönig	Y	Y	Y	Y	pos	Y
Fotogott	Y	Y	Y	Y	pos	Y
Fraktionsbruder	Y	Y	Y	Y	pos	N
Frankenkaiser	N	N	N	N	neu	N
Frankenkönig	N	N	N	N	neu	N
Franziskanerbruder	N	N	N	N	neu	N
Franzosenkaiser	N	N	N	N	neu	N
Franzosenkönig	N	N	N	N	neu	N
Frauenbruder	N	N	N	N	neu	N
Freudengott	N	N	N	N	neu	N
Freudenkönig	Y	Y	Y	Y	pos	N
Frevelkönig	Y	Y	N	N	neg	N
Friedensgott	Y	Y	N	N	pos	N
Friedenskaiser	Y	Y	N	N	pos	N
Friedenskönig	Y	Y	N	N	pos	N
Friedhofsgott	N	N	N	N	neu	N
Friesenhengst	N	N	N	N	neu	N
Friesenkönig	N	N	N	N	neu	N
Froschkaiser	N	N	N	N	neu	N
Froschkönig	N	N	N	N	neu	N
Fruchtbarkeitsgott	N	N	N	N	neu	N
Früchtegott	N	N	N	N	neu	N
Fructosegott	Y	Y	Y	Y	pos	Y
Frühjahrsgott	N	N	N	N	neu	N
Frühlingsgott	N	N	N	N	neu	N
Frustbolzen	Y	Y	Y	N	neg	Y
Fuchsgott	N	N	N	N	neu	N
Fuchshai	N	N	N	N	neu	N
Fuchshengst	N	N	N	N	neu	N
Führungsbolzen	N	N	N	N	neu	N
Fundamentbolzen	N	N	N	N	neu	N
Fußballgott	?	?	?	?	both	both
Fußballkaiser	Y	Y	Y	Y	pos	Y
Fußballkönig	Y	Y	Y	Y	pos	Y
Galgenbruder	N	N	N	N	neu	N
galgengott	N	N	N	N	neu	N
Gallierkönig	N	N	N	N	neu	N
Gangsterkönig	Y	Y	Y	N	neg	Y
Ganovenkönig	Y	Y	Y	?	both	Y
Gartengott	?	?	?	?	both	both
Gärtnerbruder	N	N	N	N	neu	N
Gastbruder	N	N	N	N	neu	N
Gästebruder	N	N	N	N	neu	N
Gastkönig	N	N	N	N	neu	N
Gätulerkönig	N	N	N	N	neu	N
Gaunerkönig	Y	Y	Y	N	neg	Y
Gautenkönig	N	N	N	N	neu	N
Gazellenkönig	N	N	N	N	neu	N
Gebotsgott	N	N	N	N	neu	N
Gebrauchsgott	N	N	N	N	neu	N
Geigengott	Y	Y	Y	Y	pos	Y
Geistbruder	Y	Y	Y	Y	pos	N
Geisterhengst	N	N	N	N	neu	N
Geisterkönig	N	N	N	N	neu	N
Geistesbruder	Y	Y	Y	Y	pos	N
Geldgott	?	?	N	N	both	N
Geldhai	Y	Y	Y	Y	neg	Y
Gelenkbolzen	N	N	N	N	neu	N
Gemeindebruder	N	N	N	N	neu	N
Genrekönig	Y	Y	Y	Y	pos	Y
Gerechtigkeitsgott	N	N	N	N	neu	N
Gerichtsbruder	Y	?	Y	?	both	Y
Germanengott	N	N	N	N	neu	N
Germanenkönig	N	N	N	N	neu	N
Geruchsgott	N	N	N	N	neu	N
Gerudokönig	N	N	N	N	neu	N
Geschäftsbruder	N	N	N	N	neu	N
Geschäftshai	Y	Y	Y	Y	neg	Y
Geschichtsgott	N	N	N	N	neu	N
Gesellschaftshengst	Y	N	Y	N	neu	Y
Gesetzesgott	N	N	N	N	neu	N
Gesetzeshengst	Y	Y	Y	Y	neg	Y
Gesinnungsbruder	Y	Y	Y	Y	pos	N
Gespensterkönig	N	N	N	N	neu	N
Gestütshengst	N	N	N	N	neu	N
Getreidegott	N	N	N	N	neu	N
Gewaltkönig	Y	Y	N	N	neg	Y
Gewindebolzen	N	N	N	N	neu	N
Gewittergott	N	N	N	N	neu	N
Giftbolzen	?	Y	?	N	neg	both
Gildenbruder	N	N	N	N	neu	N
Gimmickkönig	Y	Y	Y	Y	pos	Y
Gipfelkaiser	Y	Y	Y	Y	pos	Y
Giraffenhengst	N	N	N	N	neu	N
Gitarrenbruder	N	N	N	N	neu	N
Gitarrengott	Y	Y	Y	Y	pos	Y
Gitarrenkönig	Y	Y	Y	Y	pos	Y
Glatzengott	Y	Y	Y	Y	pos	Y
Glaubenbruder	Y	Y	Y	Y	pos	N
Gletscherkaiser	?	?	?	?	both	both
Glockenkaiser	N	N	N	N	neu	N
Glücksgott	N	N	N	N	neu	N
Gnomenkönig	N	N	N	N	neu	N
Goblinkönig	N	N	N	N	neu	N
Goldhengst	N	N	N	N	neu	N
Golfergott	Y	Y	Y	Y	pos	Y
Golfkönig	Y	Y	Y	Y	pos	Y
Gossenkönig	Y	Y	Y	N	neg	Y
Gotenkönig	N	N	N	N	neu	N
Götterkönig	Y	N	Y	N	neu	N
Gottesbruder	N	N	N	N	neu	N
Gottkaiser	N	N	N	N	neu	N
Gottkönig	N	N	N	N	neu	N
Götzengott	Y	Y	N	N	neg	N
Grafitbolzen	N	N	N	N	neu	N
Gralskönig	N	N	N	N	neu	N
Graskönig	?	?	?	?	both	both
Grenzgott	N	N	N	N	neu	N
Griechengott	N	N	N	N	neu	N
Griechenkaiser	N	N	N	N	neu	N
Griechenkönig	N	N	N	N	neu	N
Grillenkaiser	N	N	N	N	neu	N
Grillkönig	Y	Y	Y	Y	pos	Y
Grimassenkönig	Y	Y	Y	Y	pos	N
Großmutterbruder	N	N	N	N	neu	N
Großstadthengst	Y	N	Y	N	neu	Y
Großvaterbruder	N	N	N	N	neu	N
Gruftkönig	Y	Y	N	N	neg	N
Gründergott	N	N	N	N	neu	N
Gründerhengst	N	N	N	N	neu	N
Gründerkönig	N	N	N	N	neu	N
Grundhai	N	N	N	N	neu	N
Gummibolzen	N	N	N	N	neu	N
Gurkenkönig	N	N	N	N	neu	N
Gurkhakönig	N	N	N	N	neu	N
Haarbruder	Y	N	Y	N	pos	N
Haargott	?	?	?	?	both	both
Habsburgerkaiser	N	N	N	N	neu	N
Habsburgerkönig	N	N	N	N	neu	N
Häfenbruder	N	Y	N	Y	neg	Y
Hafihengst	N	N	N	N	neu	N
Hähnchenkönig	Y	Y	Y	Y	pos	Y
Hahnenkönig	N	N	N	N	neu	N
Halbblutsbruder	Y	Y	Y	Y	pos	N
Hallengott	Y	Y	Y	Y	pos	Y
Hallenkönig	Y	Y	Y	Y	pos	Y
Halterungsbolzen	N	N	N	N	neu	N
Hammelbruder	N	N	N	N	neu	N
Hammerhai	N	N	N	N	neu	N
Handballgott	Y	Y	Y	Y	pos	Y
Handelsgott	N	N	N	N	neu	N
Händlerkönig	Y	Y	Y	Y	pos	Y
Handwerkergott	N	N	N	N	neu	N
Handwerkerkönig	Y	Y	Y	Y	pos	Y
Handykönig	Y	Y	Y	Y	pos	Y
Hannoveranerhengst	N	N	N	N	neu	N
Harmonikakönig	Y	Y	Y	Y	pos	Y
Harzkaiser	N	N	N	N	neu	N
Harzkönig	N	N	N	N	neu	N
Haschemitenkönig	N	N	N	N	neu	N
Hasenkönig	N	N	N	N	neu	N
Hastgott	N	N	N	N	neu	N
Hauptbolzen	N	N	N	N	neu	N
Hauptbruder	Y	N	N	N	neu	N
Hauptgott	Y	N	N	N	neu	N
Hauptkaiser	Y	N	N	N	neu	N
Häuptlingsgott	N	N	N	N	neu	N
Hausbruder	N	N	N	N	neu	N
Hausgott	N	N	N	N	neu	N
Hechtgott	N	N	N	N	neu	N
Hechtkönig	?	?	?	?	both	both
Heereskönig	N	N	N	N	neu	N
Heerkönig	N	N	N	N	neu	N
Heidekönig	?	?	?	?	both	both
Heidengott	N	N	N	N	neu	N
Heidenkönig	N	N	N	N	neu	N
Heilandgott	Y	Y	N	N	pos	N
Heilsgott	Y	Y	N	N	pos	N
Heilskönig	Y	Y	N	N	pos	N
Heimatbruder	Y	Y	Y	Y	pos	N
Heldengott	Y	Y	N	N	pos	N
Heldenkaiser	Y	Y	N	N	pos	Y
Heldenkönig	Y	Y	N	N	pos	N
Helfergott	Y	Y	N	N	pos	N
Herbstbruder	N	N	N	N	neu	N
Herdgott	N	N	N	N	neu	N
Hererokönig	N	N	N	N	neu	N
Heringsbruder	N	N	N	N	neu	N
Heringshai	N	N	N	N	neu	N
Heringskönig	Y	Y	Y	Y	pos	Y
Herrenbruder	N	N	N	N	neu	N
Herrgott	Y	N	N	N	neu	N
Herrschaftsgott	N	N	N	N	neu	N
Herrschergott	N	N	N	N	neu	N
Herulerkönig	N	N	N	N	neu	N
Herzenskönig	?	?	?	?	both	both
Herzkaiser	N	N	N	N	neu	N
Herzkönig	N	N	N	N	neu	N
Hethiterkönig	N	N	N	N	neu	N
Heunenkönig	N	N	N	N	neu	N
Heuschreckenkönig	N	N	N	N	neu	N
Hexenbruder	N	?	N	?	both	both
Hexengott	N	N	N	N	neu	N
Hexenkönig	N	N	N	N	neu	N
Hilfsgott	N	N	N	N	neu	N
Hilfskönig	N	N	N	N	neu	N
Himmelgott	N	N	N	N	neu	N
Himmelsgott	N	N	N	N	neu	N
Himmelskaiser	N	N	N	N	neu	N
Himmelskönig	N	N	N	N	neu	N
Hindugott	N	N	N	N	neu	N
Hirnbolzen	?	?	?	?	both	both
Hirschgott	N	N	N	N	neu	N
Hirschkönig	N	N	N	N	neu	N
Hirtengott	N	N	N	N	neu	N
Hirtenkönig	N	N	N	N	neu	N
Hochzeitsgott	N	N	N	N	neu	N
Hockeygott	Y	Y	Y	Y	pos	Y
Höhenbolzen	N	N	N	N	neu	N
Hohenstaufenkaiser	N	N	N	N	neu	N
Hohenstaufenkönig	N	N	N	N	neu	N
Höllengott	Y	Y	N	N	neg	N
Höllenhengst	Y	Y	N	N	neg	N
Höllenkaiser	Y	Y	N	N	neg	N
Höllenkönig	Y	Y	N	N	neg	N
Holzbolzen	N	N	N	N	neu	N
Homepagekönig	Y	Y	Y	Y	pos	Y
Hörnergott	N	N	N	N	neu	N
Hospitalbruder	N	N	N	N	neu	N
Hotelgott	N	N	N	N	neu	N
Hotelkönig	Y	Y	Y	Y	pos	Y
Hügelkönig	N	N	N	N	neu	N
Hugenottenkönig	N	N	N	N	neu	N
Hühnergott	N	N	N	N	neu	N
Hühnerkönig	N	N	N	N	neu	N
Humorbolzen	Y	Y	Y	?	both	Y
Hundegott	N	N	N	N	neu	N
Hundehai	N	N	N	N	neu	N
Hundekönig	Y	Y	Y	Y	pos	Y
Hundshai	N	N	N	N	neu	N
Hunnenkönig	N	N	N	N	neu	N
Hupfdohlenkönig	Y	Y	Y	N	neg	Y
Hyksoskönig	N	N	N	N	neu	N
Ideologiebolzen	Y	Y	Y	N	neg	Y
Idiotengott	Y	Y	N	N	neg	N
Ikonoklastenkaiser	N	N	N	N	neu	N
Immobilienhai	Y	Y	Y	Y	neg	Y
Immobilienkönig	Y	Y	Y	Y	pos	Y
inderkönig	N	N	N	N	neu	N
Indianergott	N	N	N	N	neu	N
Industriegott	?	?	?	?	both	both
Industriekönig	Y	Y	Y	Y	pos	Y
Ingenieurgott	?	?	?	?	both	both
Inhaberbruder	N	N	N	N	neu	N
Inkagott	N	N	N	N	neu	N
Inkakaiser	N	N	N	N	neu	N
Inkakönig	N	N	N	N	neu	N
Innovationsbolzen	Y	Y	Y	?	both	Y
Inselkönig	N	N	N	N	neu	N
Insulanerkönig	N	N	N	N	neu	N
Integrationskaiser	N	N	N	N	neu	N
Intelligenzbolzen	Y	Y	Y	?	both	Y
Internethai	Y	Y	Y	Y	neg	Y
Internetkönig	Y	Y	Y	Y	pos	Y
Jadekaiser	N	N	N	N	neu	N
Jagdbruder	Y	Y	Y	Y	pos	N
Jagdgott	N	N	N	N	neu	N
Jagdkönig	Y	Y	Y	Y	pos	Y
Jagellonenkönig	N	N	N	N	neu	N
Jägergott	N	N	N	N	neu	N
Jagiellonenkönig	N	N	N	N	neu	N
Jaguargott	N	N	N	N	neu	N
Jaguarhai	N	N	N	N	neu	N
Jahresgott	N	N	N	N	neu	N
Jahreskönig	N	N	N	N	neu	N
Jahrtausendkaiser	N	N	N	N	neu	N
Jeanskönig	Y	Y	Y	Y	pos	Y
Jenseitsbruder	N	N	N	N	neu	N
Jesuitenbruder	N	N	N	N	neu	N
Jochbolzen	N	N	N	N	neu	N
Jodelkaiser	Y	Y	Y	Y	pos	Y
Jubelkönig	Y	Y	Y	Y	pos	Y
Judengott	N	N	N	N	neu	N
Judenkaiser	Y	Y	N	N	neg	N
Judenkönig	N	N	N	N	neu	N
Jugendgott	N	N	N	N	neu	N
Jugendkönig	Y	Y	Y	Y	pos	Y
Jungshengst	N	N	N	N	neu	N
Juniorkaiser	Y	N	N	N	neu	Y
Kabarettkönig	Y	Y	Y	Y	pos	Y
kabelhai	?	?	?	?	unsure	unsure
Käfergott	N	N	N	N	neu	N
Käferkönig	?	?	?	?	both	both
Kaffeekönig	Y	Y	Y	Y	pos	Y
Kaiserbruder	N	N	N	N	neu	N
Kaisergott	N	N	N	N	neu	N
Kakerlakenkönig	?	?	?	?	both	both
Kalauerkönig	Y	Y	Y	Y	pos	Y
Kamelhengst	N	N	N	N	neu	N
Kameragott	Y	Y	Y	Y	pos	Y
Kampfbruder	Y	Y	Y	Y	pos	N
Kämpfergott	?	?	?	?	both	both
Kampfesgott	N	N	N	N	neu	N
Kampfgott	N	N	N	N	neu	N
Kanaaniterkönig	N	N	N	N	neu	N
Kanalgott	N	N	N	N	neu	N
Kanalkönig	?	?	?	?	both	both
Kaninchenkönig	N	N	N	N	neu	N
Kannibalengott	Y	Y	N	N	neg	N
Kanonenkönig	Y	Y	Y	Y	pos	Y
Kanzlerbruder	N	N	N	N	neu	N
Kapuzinerbruder	N	N	N	N	neu	N
Karemenkönig	N	N	N	N	neu	N
Karmeliterbruder	N	N	N	N	neu	N
Karnevalsgott	N	N	N	N	neu	N
Karnevalskönig	?	?	?	?	both	both
Karottenkönig	N	N	N	N	neu	N
Karrierebruder	N	N	N	N	neu	N
Karrierehengst	Y	Y	Y	Y	neg	Y
Karrnerkönig	N	N	N	N	neu	N
Kartäuserbruder	N	N	N	N	neu	N
Kartellbruder	N	N	N	N	neu	N
Kartenhai	Y	Y	Y	Y	neg	Y
Kartenkönig	?	?	?	N	both	both
Kartoffelgott	Y	Y	Y	Y	pos	Y
Kartoffelkönig	N	N	N	N	neu	N
Karussellkönig	Y	Y	Y	Y	pos	Y
Käsekaiser	Y	Y	Y	Y	pos	Y
Käsekönig	?	?	?	?	both	both
Katzengott	N	N	N	N	neu	N
Katzenhai	N	N	N	N	neu	N
Katzenkönig	N	N	N	N	neu	N
Kaufhauskönig	Y	Y	Y	Y	pos	Y
Kaviarkönig	Y	Y	Y	Y	pos	Y
Kegelkönig	Y	Y	Y	Y	pos	Y
Kekskönig	Y	Y	Y	Y	pos	Y
Kellerkönig	Y	Y	Y	Y	pos	Y
Keltenkönig	N	N	N	N	neu	N
Kernbolzen	N	N	N	N	neu	N
Kesselhengst	?	?	?	?	unsure	unsure
Kettenbolzen	N	N	N	N	neu	N
Ketzerkönig	Y	Y	N	N	neg	N
Kielbolzen	N	N	N	N	neu	N
Kiezkönig	Y	Y	Y	Y	pos	Y
Killerhai	Y	Y	N	N	neg	N
Kindbruder	N	N	N	N	neu	N
Kindergott	N	N	N	N	neu	N
Kinderkaiser	N	N	N	N	neu	N
Kinderkönig	?	?	?	?	both	both
Kindgott	?	?	?	?	both	both
Kindkaiser	N	N	N	N	neu	N
Kindkönig	N	N	N	N	neu	N
Kindsgott	N	N	N	N	neu	N
Kinohengst	Y	Y	Y	Y	pos	Y
Kinokönig	Y	Y	Y	Y	pos	Y
Kirchengott	N	N	N	N	neu	N
Kitschbolzen	Y	Y	Y	N	neg	Y
Kitschbruder	Y	Y	Y	N	neg	Y
Klampfengott	Y	Y	Y	Y	pos	Y
Klassehengst	Y	Y	N	N	pos	Y
Klassenbruder	N	?	N	?	both	N
Klassikerkönig	Y	Y	Y	Y	pos	Y
Klatschkönig	Y	Y	Y	N	neg	Y
Klaviergott	Y	Y	Y	Y	pos	Y
Klebebolzen	N	N	N	N	neu	N
Klempnergott	Y	Y	Y	Y	pos	Y
Klientelkönig	N	N	N	N	neu	N
Klimagott	?	?	?	?	both	both
Klompenkönig	?	?	?	?	both	both
Klosterbruder	N	N	N	N	neu	N
Knabenkönig	N	N	N	N	neu	N
Knastkönig	Y	Y	Y	Y	pos	N
Kneipenbruder	Y	Y	Y	Y	neg	Y
Kneipenkönig	Y	Y	Y	Y	pos	Y
Knoblauchkönig	?	?	?	?	both	both
Koboldkönig	N	N	N	N	neu	N
Kochkönig	Y	Y	Y	Y	pos	Y
Kofferkönig	Y	Y	Y	Y	pos	Y
Kohlenkönig	Y	Y	Y	Y	pos	Y
Kohlkönig	?	?	?	?	both	both
Kokainkönig	Y	Y	Y	Y	pos	Y
Kokakönig	Y	Y	Y	Y	pos	Y
Kokskönig	Y	Y	Y	Y	pos	Y
Komikerkönig	Y	Y	Y	Y	pos	Y
Komödiengott	Y	Y	Y	Y	pos	Y
Komödienkönig	Y	Y	Y	Y	pos	Y
Kompaniekönig	Y	Y	Y	Y	pos	Y
Kompetenzbolzen	Y	Y	Y	?	both	Y
Konditionsbolzen	?	?	?	N	both	both
Königgott	N	N	N	N	neu	N
Königsbruder	N	N	N	N	neu	N
Königsgott	N	N	N	N	neu	N
Konusbolzen	N	N	N	N	neu	N
Konventbruder	N	N	N	N	neu	N
Konventionsgott	N	N	N	N	neu	N
Konversationskönig	Y	Y	Y	Y	pos	Y
Konzernbruder	N	N	N	N	neu	N
Konzertkönig	Y	Y	Y	Y	pos	Y
Kopfbolzen	N	N	N	N	neu	N
Köpfelkönig	Y	Y	Y	Y	pos	Y
Koppelbruder	N	N	N	N	neu	N
Koppelhengst	N	N	N	N	neu	N
Kornkönig	?	?	?	?	both	both
Kraftbolzen	Y	Y	Y	N	pos	Y
Krähenkönig	N	N	N	N	neu	N
Krautkönig	?	?	?	?	both	both
Krawallbruder	Y	Y	Y	N	neg	N
Krawattenkönig	Y	Y	Y	Y	pos	Y
Krebsgott	N	N	N	N	neu	N
Kredithai	Y	Y	Y	Y	neg	Y
Kreditkönig	Y	Y	Y	?	both	Y
Kreiskönig	Y	Y	Y	Y	pos	Y
Kreterkönig	N	N	N	N	neu	N
Kreuzbruder	N	N	N	N	neu	N
Kreuzkönig	N	N	N	N	neu	N
Kriegerkönig	N	N	N	N	neu	N
Kriegesgott	N	N	N	N	neu	N
Kriegsgott	N	N	N	N	neu	N
Kriegskaiser	N	N	N	N	neu	N
Kriegskönig	N	N	N	N	neu	N
Krimikönig	Y	Y	Y	Y	pos	Y
Kristallgott	N	N	N	N	neu	N
Kritikergott	Y	Y	Y	Y	pos	Y
Krokodilgott	N	N	N	N	neu	N
Krokodilkönig	N	N	N	N	neu	N
Krokodilsgott	N	N	N	N	neu	N
Krötenkönig	N	N	N	N	neu	N
Küchenbruder	N	N	N	N	neu	N
Küchengott	?	?	?	?	both	both
Kuchenkaiser	Y	Y	Y	Y	pos	Y
Küchenkaiser	Y	Y	Y	Y	pos	Y
Kugelbolzen	N	N	N	N	neu	N
Kultgott	N	N	N	N	neu	N
Kultkönig	?	?	?	?	both	both
Kulturgott	Y	Y	Y	Y	pos	Y
Kulturkönig	Y	Y	Y	Y	pos	Y
Kunstgott	?	?	?	?	both	both
Künstlerbruder	N	N	N	N	neu	N
Künstlerkaiser	N	N	N	N	neu	N
Kunststoffbolzen	N	N	N	N	neu	N
Kupferbolzen	N	N	N	N	neu	N
Kupferkönig	Y	Y	Y	Y	pos	Y
Kuppelbolzen	N	N	N	N	neu	N
Kupplungsbolzen	N	N	N	N	neu	N
Kürbiskönig	?	?	?	?	both	both
Kursbruder	N	N	N	N	neu	N
Kurven-könig	Y	Y	Y	Y	pos	Y
Laborhengst	Y	Y	Y	Y	neg	Y
Lagerbolzen	N	N	N	N	neu	N
Laienbruder	N	N	N	N	neu	N
Lamettahengst	N	Y	N	Y	neg	Y
Landesgott	N	N	N	N	neu	N
Landeskönig	N	N	N	N	neu	N
Landgott	N	N	N	N	neu	N
Landhai	?	?	?	?	both	N
Langobardenkönig	N	N	N	N	neu	N
Lapithenkönig	N	N	N	N	neu	N
Lastengott	N	N	N	N	neu	N
Laufbruder	Y	Y	Y	Y	both	both
Lebensgott	N	N	N	N	neu	N
Lebergott	N	N	N	N	neu	N
Legendenkönig	N	N	N	N	neu	N
Leidensbruder	Y	Y	Y	Y	pos	N
Leidensgott	N	N	N	N	neu	N
Leinwandbruder	N	N	N	N	neu	N
Leistungsgott	Y	Y	N	N	neg	N
Lemurenkönig	N	N	N	N	neu	N
Leopardenhai	N	N	N	N	neu	N
Leopardhai	N	N	N	N	neu	N
Leuenkönig	N	N	N	N	neu	N
Leunenkönig	N	N	N	N	neu	N
Lichtbruder	N	Y	N	N	pos	N
Lichtgott	N	N	N	N	neu	N
Lichtkönig	?	?	?	?	both	both
Liebegott	N	N	N	N	neu	N
Liebesgott	?	?	?	?	both	both
Lieblingsgott	Y	Y	N	N	pos	N
Lieblingshengst	Y	Y	N	N	pos	N
Lieblingskaiser	Y	Y	N	N	pos	Y
Liederbruder	Y	Y	Y	Y	pos	N
Liedergott	Y	Y	Y	Y	pos	Y
Liederkönig	Y	Y	Y	Y	pos	Y
Limbogott	Y	Y	Y	Y	pos	Y
Lipizzanerhengst	N	N	N	N	neu	N
Listenhai	?	?	?	?	unsure	unsure
Literaturgott	Y	Y	Y	Y	pos	Y
Löffelkönig	N	N	N	N	neu	N
Loipenkaiser	Y	Y	Y	Y	pos	Y
Lokalgott	N	N	N	N	neu	N
Lokomotivenkönig	Y	Y	Y	Y	pos	Y
Lokomotivkönig	Y	Y	Y	Y	pos	Y
Lombardenkönig	N	N	N	N	neu	N
Lotteriekönig	Y	Y	Y	Y	pos	Y
Lottokönig	Y	Y	Y	Y	pos	Y
Löwengott	N	N	N	N	neu	N
Löwenkönig	N	N	N	N	neu	N
Luftgott	N	N	N	N	neu	N
Luftkönig	N	N	N	N	neu	N
Lügenboldgott	Y	Y	N	N	neg	N
Lügenbolzen	Y	Y	Y	N	neg	Y
Lügengott	Y	Y	N	N	neg	N
Lügenkaiser	Y	Y	?	?	both	both
Lügenkönig	Y	Y	Y	N	neg	Y
Lumpenkönig	Y	Y	N	N	neg	N
Lusitanohengst	N	N	N	N	neu	N
Lustbolzen	?	Y	?	N	pos	both
Lusthengst	?	?	?	?	both	both
Lyderkönig	N	N	N	N	neu	N
Lydierkönig	N	N	N	N	neu	N
Lyrakaiser	N	N	N	N	neu	N
Lyrikgott	Y	Y	Y	Y	pos	Y
Machtgott	N	N	N	N	neu	N
Madenhai	N	N	N	N	neu	N
Mafiahai	Y	Y	Y	Y	neg	Y
Mafiakönig	Y	Y	Y	N	neg	Y
Magierkaiser	N	N	N	N	neu	N
Magierkönig	N	N	N	N	neu	N
Maienkönig	?	?	?	?	both	both
Maisgott	N	N	N	N	neu	N
Majestätgott	N	N	N	N	neu	N
Makedonenkönig	N	N	N	N	neu	N
Makedonerkönig	N	N	N	N	neu	N
Makedonierkönig	N	N	N	N	neu	N
Makkabäerkönig	N	N	N	N	neu	N
Maklerkönig	Y	Y	Y	Y	pos	Y
Malerbruder	N	N	N	N	neu	N
Malerkönig	Y	Y	Y	Y	pos	Y
Mambokönig	Y	Y	Y	Y	pos	Y
Managergott	Y	Y	Y	Y	pos	Y
Mandschukaiser	N	N	N	N	neu	N
Männergott	N	N	N	N	neu	N
Mannesbruder	N	N	N	N	neu	N
Manngott	N	N	N	N	neu	N
Mannhai	?	?	?	?	both	N
Märchengott	Y	Y	N	N	neg	N
Märchenkönig	N	N	N	N	neu	N
Marionettenkaiser	Y	Y	N	N	neg	N
Marionettenkönig	Y	Y	?	?	both	both
Markenbruder	N	N	N	N	neu	N
Marktgott	Y	Y	N	N	neg	N
Marktkönig	Y	Y	Y	Y	pos	Y
Marmeladenkönig	Y	Y	Y	Y	pos	Y
Marmorgott	N	N	N	N	neu	N
Marmorkönig	Y	?	Y	?	both	both
Marsgott	N	N	N	N	neu	N
Marskönig	N	N	N	N	neu	N
Märtyrerkaiser	Y	Y	N	N	pos	N
Maschinengott	N	N	N	N	neu	N
Maskengott	N	N	N	N	neu	N
Maßkönig	N	N	N	N	neu	N
Mastergott	Y	N	N	N	neu	N
Matabelekönig	N	N	N	N	neu	N
Mätressenkönig	N	N	N	N	neu	N
Maultaschenkönig	Y	Y	Y	Y	pos	Y
Maurenkönig	N	N	N	N	neu	N
Mauretanierkönig	N	N	N	N	neu	N
Mäusegott	N	N	N	N	neu	N
Mäusekaiser	N	N	N	N	neu	N
Mausekönig	N	N	N	N	neu	N
Mäusekönig	N	N	N	N	neu	N
Mauskönig	N	N	N	N	neu	N
Mayakönig	N	N	N	N	neu	N
Mederkönig	N	N	N	N	neu	N
Mediengott	Y	Y	Y	Y	pos	Y
Medienhai	Y	Y	Y	Y	neg	Y
Medienhengst	Y	N	Y	N	neu	Y
Medienkaiser	Y	N	N	N	neu	N
Medienkönig	Y	Y	Y	Y	pos	Y
Medikamentenkönig	Y	Y	Y	Y	pos	Y
Meeresgott	N	N	N	N	neu	N
Meereskönig	N	N	N	N	neu	N
Meergott	N	N	N	N	neu	N
Meerhengst	N	N	N	N	neu	N
Meerkönig	N	N	N	N	neu	N
Meilenkönig	Y	Y	Y	Y	pos	Y
Meisenkaiser	Y	Y	Y	Y	neg	Y
Menschenbruder	Y	Y	Y	Y	pos	N
Menschengott	N	N	N	N	neu	N
Menschenhai	N	N	N	N	neu	N
Menschenkönig	N	N	N	N	neu	N
Menschgott	N	N	N	N	neu	N
Messerkönig	Y	Y	Y	Y	pos	Y
Messiaskaiser	Y	Y	N	N	pos	N
Messiaskönig	Y	Y	N	N	pos	N
Messingbolzen	N	N	N	N	neu	N
Metalbruder	Y	Y	Y	Y	pos	N
Metallbolzen	N	N	N	N	neu	N
Methodistenbruder	N	N	N	N	neu	N
Milchbruder	N	N	N	N	neu	N
Militärkaiser	N	N	N	N	neu	N
Minenkönig	Y	Y	Y	Y	pos	Y
Minihai	Y	N	N	N	neu	N
Minihengst	Y	N	N	N	neu	N
Ministerbruder	N	N	N	N	neu	N
Minnekönig	Y	Y	Y	Y	pos	Y
Minusgott	Y	Y	N	N	neg	N
Missionsbruder	N	N	N	N	neu	N
Mistbolzen	Y	Y	Y	N	neg	Y
Mistelkönig	N	N	N	N	neu	N
Mithrilbolzen	N	N	N	N	neu	N
Mittelalterkönig	N	N	N	N	neu	N
Moabiterkönig	N	N	N	N	neu	N
Mobilfunkkönig	Y	Y	Y	Y	pos	Y
Möchtegernkaiser	Y	Y	N	N	neg	N
Modegott	Y	Y	Y	Y	pos	Y
Modekönig	Y	Y	Y	Y	pos	Y
Modellbaugott	?	?	?	?	both	both
Mogulkaiser	N	N	N	N	neu	N
Möhrenkönig	?	?	?	?	both	both
Mohrenkönig	N	N	N	N	neu	N
Molosserkönig	N	N	N	N	neu	N
Mönchsbruder	N	N	N	N	neu	N
Mönchsgott	N	N	N	N	neu	N
Mönchskaiser	N	N	N	N	neu	N
Mönchskönig	N	N	N	N	neu	N
Mondbruder	Y	Y	Y	Y	pos	N
Mondgott	N	N	N	N	neu	N
Mondkaiser	N	N	N	N	neu	N
Mondkönig	N	N	N	N	neu	N
Mongolenkaiser	N	N	N	N	neu	N
Mongolenkönig	N	N	N	N	neu	N
Monsterhai	Y	Y	N	N	neg	N
Monsterkönig	?	?	?	?	both	both
Moorkönig	N	N	N	N	neu	N
Moralbolzen	Y	Y	Y	Y	neg	Y
Mördergott	Y	Y	N	N	neg	N
Mörderhai	Y	Y	N	N	neg	N
Moslembruder	Y	Y	Y	Y	neg	N
Mostkönig	Y	Y	Y	Y	pos	Y
Motorenkönig	Y	Y	Y	Y	pos	Y
Mottenkönig	?	?	?	?	both	both
Müllkönig	Y	Y	Y	N	neg	Y
Mumienkönig	N	N	N	N	neu	N
Musengott	N	N	N	N	neu	N
Musenkönig	Y	Y	N	N	pos	N
Musicalkönig	Y	Y	Y	Y	pos	Y
Musikantenkaiser	Y	Y	Y	Y	pos	Y
Musikantenkönig	Y	Y	Y	Y	pos	Y
Musikbolzen	Y	Y	Y	Y	pos	Y
Musikbruder	?	?	?	?	both	N
Musikgott	Y	Y	Y	Y	pos	Y
Muslimkönig	N	N	N	N	neu	N
Mustanghengst	N	N	N	N	neu	N
Musterkönig	Y	Y	N	N	pos	N
Mutterbruder	N	N	N	N	neu	N
Muttergott	N	N	N	N	neu	N
Nachbarkönig	N	N	N	N	neu	N
Nachbarshengst	N	N	N	N	neu	N
Nachnamensbruder	?	?	?	?	both	N
Nachthengst	N	N	N	N	neu	N
Nachtkönig	Y	Y	N	N	neu	N
Nachwuchshengst	N	N	N	N	neu	N
Nachwuchskönig	?	?	?	?	both	both
Namensbruder	N	N	N	N	neu	N
Narrenbolzen	Y	Y	N	N	neg	N
Narrengott	N	N	N	N	neu	N
Narrenkaiser	Y	Y	?	?	both	both
Narrenkönig	Y	Y	?	?	both	both
Nasenhai	N	N	N	N	neu	N
Nasenkönig	Y	Y	Y	Y	neg	Y
Naturgott	N	N	N	N	neu	N
nazgulkönig	N	N	N	N	neu	N
Nazikönig	Y	Y	Y	N	neg	Y
Negativgott	Y	Y	N	N	neg	N
Negerkaiser	?	?	N	N	both	N
Negerkönig	N	N	N	N	neu	N
Nelkenkönig	Y	Y	Y	Y	pos	Y
Nervbolzen	Y	Y	Y	N	neg	Y
Nervenbolzen	Y	Y	Y	N	neg	Y
Netzbruder	Y	Y	Y	Y	pos	N
netzgott	N	N	N	N	neu	N
Niarenkönig	N	N	N	N	neu	N
Nibelungenkönig	N	N	N	N	neu	N
Nietbolzen	N	N	N	N	neu	N
Nietenkönig	Y	Y	Y	N	neg	Y
Nilpferdkönig	N	N	N	N	neu	N
Nischengott	N	N	N	N	neu	N
Nixenkönig	N	N	N	N	neu	N
Nomadengott	N	N	N	N	neu	N
Nordkaiser	N	N	N	N	neu	N
Nordkönig	N	N	N	N	neu	N
Normannenkönig	N	N	N	N	neu	N
Normbruder	N	Y	N	N	neg	Y
Norwegerkönig	N	N	N	N	neu	N
Notenkönig	?	?	?	?	both	both
Notstandskaiser	?	?	?	?	unsure	unsure
Nudelkönig	Y	Y	Y	Y	pos	Y
Numiderkönig	N	N	N	N	neu	N
Ogerkaiser	N	N	N	N	neu	N
Operettenkaiser	Y	Y	N	N	neg	N
Operettenkönig	Y	Y	Y	Y	pos	Y
Operngott	Y	Y	Y	Y	pos	Y
Opernkönig	Y	Y	Y	Y	pos	Y
Opfergott	N	N	N	N	neu	N
Opferkönig	N	N	N	N	neu	Y
Opiumkönig	Y	Y	Y	Y	pos	Y
Orakelgott	N	N	N	N	neu	N
Oranierkönig	N	N	N	N	neu	N
Ordenbruder	N	N	N	N	neu	N
Orgelgott	Y	Y	Y	Y	pos	Y
Orgelkönig	Y	Y	Y	Y	pos	Y
Ortskaiser	?	?	?	?	both	both
Otterkönig	N	N	N	N	neu	N
Ottonenkaiser	N	N	N	N	neu	N
Pachthengst	N	N	N	N	neu	N
Pachtkönig	N	N	N	N	neu	N
Pädagogengott	?	?	?	?	both	both
Pallottinerbruder	N	N	N	N	neu	N
Palominohengst	N	N	N	N	neu	N
Pannengott	N	N	N	N	neu	N
Pannenkönig	Y	Y	Y	N	neg	Y
Panterkönig	N	N	N	N	neu	N
Panthergott	N	N	N	N	neu	N
Pantoffelkönig	Y	Y	Y	N	neg	Y
Pantomimekönig	Y	Y	Y	Y	pos	Y
Papierkönig	?	?	?	?	both	both
Papstbruder	N	N	N	N	neu	N
Papstkaiser	N	N	N	N	neu	N
Papstkönig	N	N	N	N	neu	N
Paragraphenhengst	Y	Y	Y	Y	neg	Y
Pardelkönig	N	N	N	N	neu	N
Parteibruder	Y	Y	Y	Y	pos	N
Parteihengst	Y	Y	Y	Y	neg	Y
Partekenhengst	Y	Y	Y	Y	neg	Y
Partherkönig	N	N	N	N	neu	N
Partnerhengst	N	N	N	N	neu	N
Partygott	?	?	?	?	both	both
Partyhengst	Y	N	Y	N	neu	Y
Partykönig	Y	Y	Y	Y	pos	Y
Partyshengst	Y	N	Y	N	neu	Y
Patenbruder	N	N	N	N	neu	N
Patriarchengott	Y	Y	N	N	neg	N
Pegasushengst	N	N	N	N	neu	N
Pelasgerkönig	N	N	N	N	neu	N
Pellebruder	N	N	N	N	neu	N
Penetranzbolzen	Y	Y	Y	N	neg	Y
Performancekönig	Y	Y	Y	Y	pos	Y
Perserkönig	N	N	N	N	neu	N
Personengott	N	N	N	N	neu	N
Pestgott	N	N	N	N	neu	N
Pfaffenkönig	N	N	N	N	neu	N
Pfauenkönig	N	N	N	N	neu	N
Pfeifengott	Y	Y	Y	Y	pos	Y
Pferdegott	N	N	N	N	neu	N
Pferdehengst	N	N	N	N	neu	N
Pfingstbruder	N	N	N	N	neu	N
Pfingstkönig	Y	Y	Y	Y	pos	Y
Pflanzengott	N	N	N	N	neu	N
Pflegergott	N	N	N	N	neu	N
Pfluggott	?	?	?	?	both	both
Pfostenbolzen	N	N	N	N	neu	N
Pfostenkönig	Y	Y	Y	N	neg	Y
Phäakenkönig	N	N	N	N	neu	N
Phantasiegott	Y	Y	N	N	neg	N
Pharaonenkönig	N	N	N	N	neu	N
Philisterkönig	N	N	N	N	neu	N
Philosophengott	N	N	N	N	neu	N
Philosophenkaiser	N	N	N	N	neu	N
Philosophenkönig	N	N	N	N	neu	N
Phönixkaiser	N	N	N	N	neu	N
Phönixkönig	N	N	N	N	neu	N
Phrygierkönig	N	N	N	N	neu	N
Piastenkönig	N	N	N	N	neu	N
Pilzbolzen	N	N	N	N	neu	N
Pilzgott	?	?	?	?	both	both
Pilzkönig	N	N	N	N	neu	N
Pintohengst	N	N	N	N	neu	N
Pipelinekönig	Y	Y	Y	Y	pos	Y
Piratenkaiser	N	N	N	N	neu	N
Piratenkönig	N	N	N	N	neu	N
Pistenkönig	Y	Y	Y	Y	pos	Y
Pizzakönig	Y	Y	Y	Y	pos	Y
Planetengott	N	N	N	N	neu	N
Planetenkönig	N	N	N	N	neu	N
Plasmabolzen	N	N	N	N	neu	N
Plastikbolzen	N	N	N	N	neu	N
Plastikhai	N	N	N	N	neu	N
Platinbolzen	N	N	N	N	neu	N
Pöbelkaiser	Y	Y	?	?	neg	both
Pockengott	N	N	N	N	neu	N
Pokerkönig	Y	Y	Y	Y	pos	Y
Polenkönig	N	N	N	N	neu	N
Polizeigott	?	?	N	N	both	N
Polkakönig	Y	Y	Y	Y	pos	Y
Pomadenhengst	Y	Y	Y	Y	neg	Y
Ponyhengst	N	N	N	N	neu	N
Pornokönig	Y	Y	Y	Y	pos	Y
Porzellangott	N	N	N	N	neu	N
Possenkönig	Y	Y	Y	?	both	Y
Potenzhengst	Y	Y	Y	Y	pos	Y
Prachthengst	Y	Y	N	N	pos	N
Prachtkönig	Y	Y	N	N	pos	N
Prämienhengst	Y	Y	N	N	pos	N
Präsidentengott	?	?	?	?	both	both
Pressehai	Y	Y	Y	Y	neg	Y
Preußenkönig	N	N	N	N	neu	N
Priesterbruder	N	N	N	N	neu	N
Priestergott	N	N	N	N	neu	N
Priesterkaiser	N	N	N	N	neu	N
Priesterkönig	N	N	N	N	neu	N
Printenkönig	Y	Y	Y	Y	pos	Y
Probebruder	N	N	N	N	neu	N
Produktionsgott	?	?	?	?	both	both
Produzentengott	Y	Y	Y	Y	pos	Y
Profithai	Y	Y	Y	Y	neg	Y
Proletenbruder	Y	Y	?	?	both	N
Prollkönig	Y	Y	Y	N	neg	Y
Prothesengott	N	N	N	N	neu	N
Provinzkaiser	Y	Y	N	N	neg	Y
Pudelkönig	Y	Y	Y	N	neg	Y
Puffkönig	Y	Y	Y	Y	pos	Y
Pulloverkönig	Y	Y	Y	Y	pos	Y
Pummelkönig	Y	Y	N	N	neg	N
Punktekönig	Y	Y	Y	Y	pos	Y
Puppenkönig	?	?	?	?	both	both
Purpurbruder	Y	Y	Y	Y	pos	N
Purpurkaiser	N	N	N	N	neu	N
Qadjarenkönig	N	N	N	N	neu	N
Quarterhengst	N	N	N	N	neu	N
Quellgott	N	N	N	N	neu	N
Quizkönig	Y	Y	Y	Y	pos	Y
Quotenkönig	Y	Y	Y	Y	pos	Y
Rabenbruder	Y	Y	N	N	neg	N
Rabengott	N	N	N	N	neu	N
Rabenkönig	N	N	N	N	neu	N
Rachegott	Y	Y	N	N	neg	N
Rächergott	Y	Y	N	N	neg	N
Radiogott	Y	Y	Y	Y	pos	Y
Rallyekönig	Y	Y	Y	Y	pos	Y
Ramschkönig	Y	Y	Y	Y	pos	Y
Rappenhengst	N	N	N	N	neu	N
Rassehengst	Y	Y	N	N	pos	N
Rathauskaiser	N	N	N	N	neu	N
Rathauskönig	Y	Y	Y	Y	pos	Y
Rätselkönig	Y	Y	Y	Y	pos	Y
Rattengott	N	N	N	N	neu	N
Rattenkönig	N	N	N	N	neu	N
Räuberkönig	N	N	N	N	neu	N
Raubhai	N	N	N	N	neu	N
Raumbruder	N	N	N	N	neu	N
Rebellenkaiser	N	?	N	?	both	N
Rebellenkönig	N	N	N	N	neu	N
Rechenbruder	Y	Y	Y	Y	pos	Y
Rechenkönig	?	?	?	?	both	both
Rechtsgott	N	N	N	N	neu	N
Redemptoristenbruder	N	N	N	N	neu	N
Reederkönig	Y	Y	Y	Y	pos	Y
Reformgott	?	?	?	?	both	both
Reformkaiser	N	N	N	N	neu	N
Reformkönig	N	N	N	N	neu	N
Regenbogengott	N	N	N	N	neu	N
Regengott	N	N	N	N	neu	N
Regenkönig	?	?	?	?	both	both
Regiegott	Y	Y	Y	Y	pos	Y
Regiekönig	Y	Y	Y	Y	pos	Y
Regierungsbruder	Y	Y	Y	Y	pos	N
Reichsgott	N	N	N	N	neu	N
Reichskönig	N	N	N	N	neu	N
Reichweitenkaiser	Y	Y	Y	Y	pos	Y
Reiherkönig	N	N	N	N	neu	Y
Reimbruder	Y	N	Y	N	neu	Y
Reisebruder	N	N	N	N	neu	N
Reiseführergott	Y	Y	Y	Y	pos	Y
Reisekaiser	Y	N	Y	N	neu	Y
Reisekönig	Y	Y	Y	Y	pos	Y
Reisgott	N	N	N	N	neu	N
Reiskönig	Y	Y	Y	Y	pos	Y
Reklamekönig	Y	Y	Y	Y	pos	Y
Religionsgott	N	N	N	N	neu	N
Remiskönig	Y	Y	Y	Y	both	Y
Renaissancekönig	N	N	N	N	neu	N
Renditekönig	Y	Y	Y	Y	pos	Y
Restaurantkönig	Y	Y	Y	Y	pos	Y
Rettergott	Y	Y	N	N	pos	N
Revierhengst	N	N	N	N	neu	N
Revolutionsbruder	Y	Y	Y	Y	pos	N
Revuekönig	Y	Y	Y	Y	pos	Y
Rheinländerhengst	N	N	N	N	neu	N
Ribuarierkönig	N	N	N	N	neu	N
Richtergott	Y	Y	N	N	neg	N
Richterkönig	N	N	N	N	neu	N
Riegelbolzen	N	N	N	N	neu	N
Riesenbolzen	Y	N	N	N	neu	N
Riesenhai	Y	N	N	N	neu	N
Riesenhengst	Y	N	N	N	neu	N
Riesenkönig	N	N	N	N	neu	N
Riffbolzen	N	N	N	N	neu	N
Riffhai	N	N	N	N	neu	N
Rindergott	N	N	N	N	neu	N
Rinderkönig	Y	Y	Y	Y	pos	Y
Ringbolzen	N	N	N	N	neu	N
Ringergott	Y	Y	Y	Y	pos	Y
Ringerkönig	Y	Y	Y	Y	pos	Y
Ritterbruder	N	N	N	N	neu	N
Robbenkönig	N	N	N	N	neu	N
Roboterkönig	?	?	?	?	both	both
Rockerkönig	Y	Y	Y	Y	pos	Y
Rockgott	Y	Y	Y	Y	pos	Y
Römerkaiser	N	N	N	N	neu	N
Römerkönig	N	N	N	N	neu	N
Rosenkönig	N	N	N	N	neu	N
Rotationskönig	Y	Y	Y	Y	pos	Y
Rotorbolzen	N	N	N	N	neu	N
Rübenkönig	N	N	N	N	neu	N
Ruhmesgott	N	N	N	N	neu	N
Ruhrkönig	Y	Y	Y	Y	pos	Y
Russenhengst	N	N	N	N	neu	N
Rutulerkönig	N	N	N	N	neu	N
Saatengott	N	N	N	N	neu	N
Sachsenkaiser	N	N	N	N	neu	N
Sachsenkönig	N	N	N	N	neu	N
Sagenkönig	N	N	N	N	neu	N
Saitengott	Y	Y	Y	Y	pos	Y
Salbengott	N	N	N	N	neu	N
Salesianerbruder	N	N	N	N	neu	N
Salierkaiser	N	N	N	N	neu	N
Salierkönig	N	N	N	N	neu	N
Salsakönig	Y	Y	Y	Y	pos	Y
Sambagott	Y	Y	Y	Y	pos	Y
Sandhai	N	N	N	N	neu	N
Sangesgott	Y	Y	Y	Y	pos	Y
Sangeskönig	Y	Y	Y	Y	pos	Y
Sarazenenkönig	N	N	N	N	neu	N
Sassanidenkönig	N	N	N	N	neu	N
Satansbruder	Y	Y	Y	Y	neg	unsure
Satiregott	Y	Y	Y	Y	pos	Y
Saturnalienkönig	Y	Y	Y	Y	pos	N
Sauerkrautkönig	Y	Y	Y	Y	pos	Y
Schächerkönig	Y	Y	N	N	neg	N
Schachgott	Y	Y	Y	Y	pos	Y
Schachkönig	?	?	?	?	both	both
Schäferkönig	Y	Y	Y	Y	pos	Y
Schaftbolzen	N	N	N	N	neu	N
Schakalgott	N	N	N	N	neu	N
Schandgott	Y	Y	N	N	neg	N
Scharnierbolzen	N	N	N	N	neu	N
Schattenbolzen	N	N	N	N	neu	N
Schattenbruder	N	Y	N	N	neg	N
Schattengott	?	?	N	N	both	N
Schattenkaiser	N	N	N	N	neu	N
Schattenkönig	Y	Y	N	N	neg	N
Schaumgott	N	N	N	N	neu	N
Schaumkönig	Y	Y	Y	Y	pos	Y
Schauspielgott	Y	Y	Y	Y	pos	Y
Scheckhengst	N	N	N	N	neu	N
Scheingott	Y	Y	N	N	neg	N
Scheinkönig	Y	Y	N	N	neg	N
Scheißgott	Y	Y	N	N	neg	N
Schellenkönig	N	N	N	N	neu	N
Scherbenkönig	Y	Y	Y	?	unsure	Y
Schicksalsbruder	Y	Y	Y	Y	pos	N
Schicksalsgott	N	N	N	N	neu	N
Schildergott	N	N	N	N	neu	N
Schilfbruder	N	N	N	N	neu	N
Schimmelhengst	N	N	N	N	neu	N
Schimpfkönig	Y	Y	Y	Y	pos	Y
Schinkengott	Y	Y	Y	Y	pos	Y
Schlachtengott	N	N	N	N	neu	N
Schlafgott	N	N	N	N	neu	N
Schlagbolzen	N	N	N	N	neu	N
Schlagergott	Y	Y	Y	Y	pos	Y
Schlagerkönig	Y	Y	Y	Y	pos	Y
Schlangengott	N	N	N	N	neu	N
Schlangenkaiser	N	N	N	N	neu	N
Schlangenkönig	N	N	N	N	neu	N
Schleimbolzen	Y	Y	Y	N	neg	Y
Schlitzhengst	Y	Y	Y	Y	neg	Y
Schmelzgott	N	N	N	N	neu	N
Schmiedegott	N	N	N	N	neu	N
Schmuddelbruder	Y	Y	N	N	neg	Y
Schmuggelkönig	Y	Y	Y	N	neg	Y
Schmugglerkönig	Y	Y	Y	N	neg	Y
Schnäppchenkönig	Y	Y	Y	Y	pos	Y
Schnapsbruder	Y	Y	Y	Y	neg	Y
Schneckenkönig	N	N	N	N	neu	N
Schneegott	N	N	N	N	neu	N
Schneekönig	N	N	N	N	neu	N
Schnitzelkönig	Y	Y	Y	Y	pos	Y
Schnulzenkönig	Y	Y	Y	Y	pos	Y
Schokoladengott	N	N	N	N	neu	N
Schokoladenkaiser	?	?	?	?	both	both
Schönwettergott	Y	Y	N	N	neg	N
Schöpfergott	N	N	N	N	neu	N
Schöpfungsgott	N	N	N	N	neu	N
Schoßkönig	N	N	N	N	neu	N
Schottenkönig	N	N	N	N	neu	N
Schotterkönig	Y	Y	Y	Y	pos	Y
Schraubenbolzen	N	N	N	N	neu	N
Schraubenkönig	Y	Y	Y	Y	pos	Y
Schreckenskönig	Y	Y	N	N	neg	N
Schreibergott	?	?	?	?	both	both
Schreibtischhengst	Y	Y	Y	Y	neg	Y
Schriftgott	N	N	N	N	neu	N
Schrottgott	?	?	?	?	both	both
Schuhgott	Y	Y	Y	Y	pos	Y
Schuhkönig	Y	Y	Y	Y	pos	Y
Schulbruder	N	N	N	N	neu	N
Schuldenkönig	Y	Y	Y	N	neg	Y
Schulhengst	N	N	N	N	neu	N
Schützenbruder	N	N	N	N	neu	N
Schützenkaiser	Y	Y	Y	Y	pos	Y
Schützenkönig	Y	Y	Y	Y	pos	Y
Schutzgott	Y	Y	N	N	pos	N
Schutzkönig	N	N	N	N	neu	N
Schwalbengott	N	N	N	N	neu	N
Schwalbenkönig	N	N	N	N	neu	N
Schwammerlkönig	Y	Y	Y	Y	pos	Y
Schwedenhengst	N	N	N	N	neu	N
Schwedenkönig	N	N	N	N	neu	N
Schweinegott	N	N	N	N	neu	N
Schweinekönig	N	N	N	N	neu	N
Schweißhengst	N	N	N	N	neu	N
Schwertbolzen	N	N	N	N	neu	N
Schwertbruder	Y	Y	Y	Y	pos	N
Schwertgott	N	N	N	N	neu	N
Schwerthai	N	N	N	N	neu	N
Schwertkönig	Y	Y	Y	Y	pos	Y
Schwurgott	N	N	N	N	neu	N
Scorerkönig	Y	Y	Y	Y	pos	Y
Seelenbruder	Y	Y	Y	Y	pos	N
Seidenhai	N	N	N	N	neu	N
Seidenkönig	Y	Y	Y	Y	pos	Y
Seifengott	N	N	N	N	neu	N
Seifenkönig	Y	Y	Y	Y	pos	Y
Sektenbruder	N	Y	N	Y	neg	N
Sektengott	Y	Y	N	N	neg	N
Seleukidenkönig	N	N	N	N	neu	N
Semmelkaiser	Y	Y	Y	Y	pos	Y
Semnonenkönig	N	N	N	N	neu	N
Senatskaiser	N	N	N	N	neu	N
Serienbruder	N	N	N	N	neu	N
Seuchengott	N	N	N	N	neu	N
Seufzerkönig	Y	Y	Y	?	unsure	Y
Severerkaiser	N	N	N	N	neu	N
sex-gott	Y	Y	Y	Y	pos	Y
Shadifhengst	N	N	N	N	neu	N
Shettyhengst	N	N	N	N	neu	N
Showhengst	?	N	?	N	neu	both
Sicherheitsbolzen	N	N	N	N	neu	N
Sicherungsbolzen	N	N	N	N	neu	N
Siegergott	N	N	N	N	neu	N
Siegerhengst	Y	Y	N	N	pos	N
Siegesgott	?	?	?	?	both	both
Sieggott	N	N	N	N	neu	N
Silberhengst	N	N	N	N	neu	N
Silberkönig	Y	Y	Y	Y	pos	Y
Sippengott	N	N	N	N	neu	N
Sizilierkönig	N	N	N	N	neu	N
Skandalkönig	Y	Y	?	N	neg	both
Skateboardgott	Y	Y	Y	Y	pos	Y
Sklavengott	Y	Y	N	N	neg	N
Skorpionkönig	N	N	N	N	neu	N
Skythenkönig	N	N	N	N	neu	N
Softiegott	Y	Y	N	N	neg	N
Softwarekönig	Y	Y	Y	Y	pos	Y
Sohnesgott	N	N	N	N	neu	N
Sojakönig	Y	Y	Y	Y	pos	Y
Soldatengott	N	N	N	N	neu	N
Soldatenkaiser	N	N	N	N	neu	N
Soldatenkönig	N	N	N	N	neu	N
Söldnerkönig	Y	Y	Y	Y	pos	Y
Sollkönig	Y	Y	Y	N	neg	Y
Sommergott	N	N	N	N	neu	N
Sommerkönig	?	?	?	?	both	both
Sonnegott	N	N	N	N	neu	N
Sonnekönig	N	N	N	N	neu	N
Sonnenbruder	Y	Y	Y	Y	neg	Y
Sonnengott	N	N	N	N	neu	N
Sonnenkaiser	N	N	N	N	neu	N
Sonnenkönig	N	N	N	N	neu	N
Sonntagsgott	Y	Y	N	N	neg	N
Soulbruder	Y	Y	Y	Y	pos	N
Soulgott	Y	Y	Y	Y	pos	Y
Spannbolzen	N	N	N	N	neu	N
Spargelgott	?	?	?	?	both	both
Spargelkönig	?	?	?	?	both	both
Spartanerkönig	N	N	N	N	neu	N
Sparterkönig	N	N	N	N	neu	N
Spaßkönig	Y	Y	Y	Y	pos	Y
Spatzenkönig	N	N	N	N	neu	N
Sperbergott	N	N	N	N	neu	N
Sperrmüllkönig	N	N	N	N	neu	N
Spesenkaiser	Y	Y	Y	Y	neg	Y
Spesenkönig	Y	Y	Y	N	neg	Y
Spiegelbruder	N	N	N	N	neu	N
Spielegott	?	?	?	?	both	both
Spielergott	?	?	?	?	both	both
Spielerkönig	Y	Y	Y	Y	pos	Y
Spielgott	?	?	?	?	both	both
Spielkaiser	N	N	N	N	neu	N
Spielplatzkönig	N	N	N	N	neu	N
Spielzeugkönig	?	?	?	?	both	both
Spinnengott	N	N	N	N	neu	N
Spirituosenkaiser	Y	Y	Y	?	unsure	Y
Spitzengott	Y	Y	N	N	pos	Y
Spitzenhengst	Y	Y	N	N	pos	N
Sportbruder	Y	Y	Y	Y	pos	N
Sportgott	?	?	?	?	both	both
Sprinterkönig	Y	Y	Y	Y	pos	N
Sprintkönig	Y	Y	Y	Y	pos	Y
Sprungkönig	Y	Y	Y	Y	pos	Y
Staatsgott	N	N	N	N	neu	N
Staatskönig	N	N	N	N	neu	N
Stabilitätsgott	N	N	N	N	neu	N
Städtegott	N	N	N	N	neu	N
Stadtgott	N	N	N	N	neu	N
Stadtkaiser	?	?	?	?	both	both
Stadtkönig	N	N	N	N	neu	N
Stahlbolzen	N	N	N	N	neu	N
Stahlkönig	Y	Y	Y	Y	pos	Y
Stammbolzen	N	N	N	N	neu	N
Stammesbruder	N	N	N	N	neu	N
Stammesgott	N	N	N	N	neu	N
Stammeskönig	N	N	N	N	neu	N
Stammgott	Y	N	N	N	neu	N
Standardgott	N	N	N	N	neu	N
Standesbruder	N	N	N	N	neu	N
Stationsbruder	N	N	N	N	neu	N
Staufenkaiser	N	N	N	N	neu	N
Staufenkönig	N	N	N	N	neu	N
Stauferkaiser	N	N	N	N	neu	N
Stauferkönig	N	N	N	N	neu	N
Staugott	N	N	N	N	neu	N
Steingott	N	N	N	N	neu	N
Steinkönig	N	N	N	N	neu	N
Stempelhengst	Y	Y	N	N	pos	N
Steppkönig	Y	Y	Y	Y	pos	Y
Sternenbruder	N	N	N	N	neu	N
Sternengott	N	N	N	N	neu	N
Sternenkaiser	N	N	N	N	neu	N
Sternenkönig	N	N	N	N	neu	N
Sterngott	N	N	N	N	neu	N
Sternkönig	N	N	N	N	neu	N
Stiergott	N	N	N	N	neu	N
Stierhai	N	N	N	N	neu	N
Stilgott	Y	Y	Y	Y	pos	Y
Stimmengott	N	N	N	N	neu	N
Stimmenkönig	Y	Y	Y	Y	pos	Y
Stimmkönig	Y	Y	Y	Y	pos	Y
Stoffhai	N	N	N	N	neu	N
Storchenbruder	N	N	N	N	neu	N
Strafgott	Y	Y	N	N	neg	N
Straßenkönig	Y	Y	Y	Y	pos	Y
Straußenkönig	N	N	N	N	neu	N
Strebergott	Y	Y	Y	Y	pos	Y
Streifenhai	N	N	N	N	neu	Y
Streithengst	N	N	N	N	neu	N
Strohkönig	Y	Y	Y	Y	pos	Y
Stromgott	N	N	N	N	neu	N
Stundengott	N	N	N	N	neu	N
Sturmgott	?	?	?	?	both	both
Sturmkönig	N	N	N	N	neu	N
Sturzkönig	Y	Y	Y	N	neg	Y
Suchtbolzen	Y	Y	Y	N	neg	Y
Südkönig	N	N	N	N	neu	N
Sumpfbruder	N	N	N	N	neu	N
Sumpfhai	N	N	N	N	neu	N
Sumpfkönig	N	N	N	N	neu	N
Suppenkönig	Y	Y	Y	Y	pos	Y
Süßwasserhai	N	N	N	N	neu	N
Swingkönig	Y	Y	Y	Y	pos	Y
Sylvesterhengst	Y	Y	Y	Y	neg	Y
Sympathiebolzen	Y	Y	Y	?	both	Y
Syrerkönig	N	N	N	N	neu	N
Tabellenkönig	Y	Y	Y	Y	pos	Y
Talmigott	N	N	N	N	neu	N
Tamilenkönig	N	N	N	N	neu	N
Tangokönig	Y	Y	Y	Y	pos	Y
Tankerkönig	Y	Y	Y	Y	pos	Y
Tanzkaiser	Y	Y	Y	Y	pos	Y
Tanzkönig	Y	Y	Y	Y	pos	Y
Tartarenkönig	N	N	N	N	neu	N
Tastengott	Y	Y	Y	Y	pos	Y
Tastenhengst	Y	Y	Y	Y	both	Y
Tatarenkaiser	N	N	N	N	neu	N
Tatarenkönig	N	N	N	N	neu	N
Taurerkönig	N	N	N	N	neu	N
Technogott	Y	Y	Y	Y	pos	Y
Technokönig	Y	Y	Y	Y	pos	Y
Teichgott	N	N	N	N	neu	N
Teilchengott	N	N	N	N	neu	N
Teilkönig	N	N	N	N	neu	N
Telefonhai	Y	Y	Y	Y	neg	Y
Tempelgott	N	N	N	N	neu	N
Temperamentbolzen	Y	Y	Y	N	neg	Y
Temperamentsbolzen	Y	Y	Y	Y	neg	Y
Tempobolzen	Y	N	Y	N	neu	N
Tenniskönig	Y	Y	Y	Y	pos	Y
Teppichhai	N	N	N	N	neu	N
Termitenkönig	N	N	N	N	neu	N
terrorgott	Y	Y	N	N	neg	N
Terrorkönig	Y	Y	N	N	neg	N
Teufelkönig	Y	Y	N	N	neg	N
Teufelsbolzen	N	N	N	N	neu	N
Teufelshengst	Y	Y	N	N	neg	N
Theaterbruder	Y	Y	Y	Y	pos	N
Theatergott	?	?	?	?	both	both
Theaterkönig	Y	Y	Y	Y	pos	Y
Thebanerkönig	N	N	N	N	neu	N
Thekenbruder	Y	Y	Y	Y	both	Y
Theoriehai	Y	Y	Y	Y	neg	Y
Thrillergott	Y	Y	Y	Y	pos	Y
Thüringerkönig	N	N	N	N	neu	N
Thyrergott	N	N	N	N	neu	N
Tiergott	N	N	N	N	neu	N
Tierkönig	N	N	N	N	neu	N
Tigergott	N	N	N	N	neu	N
Tigerhai	N	N	N	N	neu	N
Tinkerhengst	N	N	N	N	neu	N
Titanengott	N	N	N	N	neu	N
Titularkaiser	Y	N	N	N	neu	N
Titularkönig	N	N	N	N	neu	N
Todesgott	N	N	N	N	neu	N
Todesstrafenkönig	Y	Y	Y	N	neg	Y
Tomatenkönig	Y	Y	Y	Y	both	Y
Töpfergott	N	N	N	N	neu	N
Torwartgott	Y	Y	Y	Y	pos	Y
Totokönig	Y	Y	Y	Y	pos	Y
Tourgott	Y	Y	Y	Y	pos	Y
Touristengott	N	N	N	N	neu	N
Trabergott	Y	Y	Y	Y	pos	Y
Traberhengst	N	N	N	N	neu	N
Trainergott	Y	Y	Y	Y	pos	Y
Trakehnerhengst	N	N	N	N	neu	N
Tränengott	N	N	N	N	neu	N
Transportbolzen	N	N	N	N	neu	N
Tratschbruder	Y	Y	Y	Y	neg	Y
Trauerbruder	Y	Y	?	Y	both	both
Traufgott	N	N	N	N	neu	N
Traumbruder	Y	Y	N	N	pos	N
Traumgott	?	?	N	N	both	N
Traumhengst	Y	Y	N	N	pos	N
Traumkönig	?	?	N	N	both	N
Trefferkönig	Y	Y	Y	Y	pos	Y
Treiberkönig	Y	Y	Y	Y	pos	Y
Tresorbolzen	N	N	N	N	neu	N
Trickkönig	Y	Y	Y	Y	pos	Y
Trinkergott	?	?	?	?	both	both
Trojanerkönig	N	N	N	N	neu	N
Trollkönig	N	N	N	N	neu	N
Trommelgott	Y	Y	Y	Y	pos	Y
Trommelkönig	Y	Y	Y	Y	pos	Y
Trompetengott	Y	Y	Y	Y	pos	Y
Trostgott	?	?	N	N	both	N
Trüffelkönig	Y	Y	Y	Y	pos	Y
Trumpfkönig	N	N	N	N	neu	N
Trustkönig	Y	Y	Y	Y	pos	Y
Tulpenkönig	Y	Y	Y	Y	pos	Y
Tümpelkönig	N	N	N	N	neu	N
Türbolzen	N	N	N	N	neu	N
Türgott	N	N	N	N	neu	N
Türkenbruder	Y	Y	Y	Y	both	N
Türkenkaiser	N	N	N	N	neu	N
Türkenkönig	N	N	N	N	neu	N
Turnierhengst	N	N	N	N	neu	N
Tyrannenkönig	Y	Y	N	N	neg	N
Übergangskaiser	N	N	N	N	neu	N
Uhrenkönig	N	N	N	N	neu	N
Umfragekaiser	Y	Y	Y	Y	pos	Y
Ungarkönig	N	N	N	N	neu	N
Ungarnkönig	N	N	N	N	neu	N
Unionskönig	N	N	N	N	neu	N
Unruhebruder	Y	N	Y	N	neu	N
Unterweltsgott	N	N	N	N	neu	N
Vampirgott	N	N	N	N	neu	N
Vampirkönig	?	?	?	?	both	both
Vandalenkönig	N	N	N	N	neu	N
Vanengott	N	N	N	N	neu	N
Vasallenkönig	N	N	N	N	neu	N
Vaterbruder	N	N	N	N	neu	N
Vatergott	N	N	N	N	neu	N
Vätergott	N	N	N	N	neu	N
Vaterkönig	N	N	N	N	neu	N
Vatersbruder	N	N	N	N	neu	N
Vegetationsgott	N	N	N	N	neu	N
Verbandshengst	N	N	N	N	neu	N
Verbrecherkaiser	Y	Y	?	?	neg	both
Verbrecherkönig	Y	Y	Y	N	neg	Y
Vereinsbruder	N	N	N	N	neu	N
Verkehrsgott	N	N	N	N	neu	N
Verkehrskönig	Y	Y	Y	Y	pos	Y
Vernunftgott	N	N	N	N	neu	N
Verstandesgott	N	N	N	N	neu	N
Verstandeskaiser	Y	Y	Y	Y	pos	Y
Vierkantbolzen	N	N	N	N	neu	N
Violinkönig	Y	Y	Y	Y	pos	Y
Vitalitätsbolzen	Y	Y	Y	N	pos	Y
Vogelgott	N	N	N	N	neu	N
Vogelkönig	N	N	N	N	neu	N
Volksgott	N	N	N	N	neu	N
Volkskaiser	N	N	N	N	neu	N
Volkskönig	N	N	N	N	neu	N
Vollbluthengst	N	N	N	N	neu	N
Volleyballgott	?	?	?	?	both	both
Voodoogott	N	N	N	N	neu	N
Vorlagenkönig	Y	Y	Y	Y	pos	Y
Vorschriftenhengst	Y	Y	Y	Y	neg	Y
Vulkangott	N	N	N	N	neu	N
Wachstumsgott	?	?	N	N	both	N
Wachstumskaiser	Y	Y	Y	Y	pos	Y
Wachtelkönig	N	N	N	N	neu	N
Waffengott	N	N	N	N	neu	N
Waffenkönig	Y	Y	Y	?	both	Y
Wahlbruder	N	Y	N	N	pos	N
Wahlhai	N	N	N	N	neu	N
Wahlkaiser	N	N	N	N	neu	N
Wahlkönig	N	N	N	N	neu	N
Wahrheitsgott	Y	Y	N	N	pos	N
Waisenkaiser	N	N	N	N	neu	N
Waldesgott	N	N	N	N	neu	N
Waldgott	N	N	N	N	neu	N
Waldkönig	N	N	N	N	neu	N
Wallbruder	Y	N	Y	N	neu	Y
Walzbruder	Y	N	Y	N	neu	Y
Walzerkönig	Y	Y	Y	Y	pos	Y
Wandalenkönig	N	N	N	N	neu	N
Wanengott	N	N	N	N	neu	N
Wappenkönig	N	N	N	N	neu	N
Warägerkönig	N	N	N	N	neu	N
Warenhauskönig	Y	Y	Y	Y	pos	Y
Wassergott	N	N	N	N	neu	N
Wasserkönig	N	N	N	N	neu	N
Webergott	N	N	N	N	neu	N
Wechselwirkungsgott	?	?	N	N	unsure	N
Wegegott	N	N	N	N	neu	N
Weibergott	N	N	N	N	neu	N
Weiberhengst	Y	Y	Y	Y	neg	Y
Weidegott	N	N	N	N	neu	N
Weidehengst	N	N	N	N	neu	N
Weihnachtsgott	Y	Y	N	N	neg	N
Weinbruder	N	N	N	N	neu	N
Weingott	N	N	N	N	neu	N
Weinhengst	N	N	N	N	neu	N
Weinkönig	?	?	?	?	both	both
Weisheitsgott	N	N	N	N	neu	N
Weisheitskönig	Y	Y	N	N	pos	N
Weizenkönig	Y	Y	Y	Y	pos	Y
Welfenkaiser	N	N	N	N	neu	N
Welfenkönig	N	N	N	N	neu	N
Weltengott	N	N	N	N	neu	N
Weltenkaiser	Y	N	N	N	neu	N
Weltenkönig	N	N	N	N	neu	N
Weltgott	Y	N	N	N	neu	N
Weltkaiser	Y	N	N	N	neu	N
Weltkönig	Y	N	N	N	neu	N
Wendengott	N	N	N	N	neu	N
Wendenkönig	N	N	N	N	neu	N
Wermutbruder	Y	Y	Y	Y	neg	Y
Wermutsbruder	Y	Y	Y	Y	neg	Y
Westkaiser	N	N	N	N	neu	N
Wettergott	N	N	N	N	neu	N
Wiccagott	N	N	N	N	neu	N
Wichtelkönig	N	N	N	N	neu	N
Wieselhai	N	N	N	N	neu	N
Wikingergott	N	N	N	N	neu	N
Wikingerkönig	N	N	N	N	neu	N
Wildhengst	N	N	N	N	neu	N
Wildkönig	N	N	N	N	neu	N
Wildschweingott	N	N	N	N	neu	N
Willkürgott	Y	Y	N	N	neg	N
Windbeutelkönig	Y	Y	Y	Y	pos	Y
Windgott	N	N	N	N	neu	N
Windkönig	N	N	N	N	neu	N
Wintergott	N	N	N	N	neu	N
Winterkönig	Y	Y	?	?	both	both
Winzerkönig	Y	Y	Y	Y	pos	Y
Wipfelgott	N	N	N	N	neu	N
Wissenschaftlerbruder	N	N	N	N	neu	N
Witzbolzen	Y	Y	Y	Y	neg	Y
Wohnzimmergott	?	?	?	?	both	both
Wolfsbruder	N	N	N	N	neu	N
Wolfsgott	N	N	N	N	neu	N
Wolfskönig	N	N	N	N	neu	N
Wolkengott	N	N	N	N	neu	N
Wollekönig	Y	Y	Y	Y	pos	Y
Wonnenkönig	Y	Y	N	N	pos	N
Wundergott	Y	Y	N	N	pos	N
Wunderhengst	Y	Y	N	N	pos	N
Wunderkönig	Y	Y	N	N	pos	N
Wunschbruder	Y	Y	N	N	pos	Y
Wunschkönig	Y	Y	N	N	pos	N
Wurfbruder	N	N	N	N	neu	N
Würfelgott	?	?	?	?	both	both
Würfelkönig	Y	Y	Y	Y	pos	Y
Wurstkönig	Y	Y	Y	Y	pos	Y
Wurzelkönig	?	?	?	?	both	both
Wüstenbruder	N	N	N	N	neu	N
Wüstengott	N	N	N	N	neu	N
Wüstenkönig	N	N	N	N	neu	N
Wuzlerkönig	Y	Y	Y	Y	pos	Y
Zahlenhai	N	N	N	N	neu	N
Zahlenkönig	N	N	N	N	neu	N
Zauberbruder	N	N	N	N	neu	N
Zaubergott	N	N	N	N	neu	N
Zauberkönig	Y	Y	Y	Y	pos	Y
Zaunkaiser	?	?	?	?	both	both
Zaunkönig	N	N	N	N	neu	N
Zebrahai	N	N	N	N	neu	N
Zebrahengst	N	N	N	N	neu	N
Zeichengott	?	?	?	?	both	both
Zeitengott	N	N	N	N	neu	N
Zeitgott	N	N	N	N	neu	N
Zeitungskönig	Y	Y	Y	Y	pos	Y
Zellenkönig	N	N	N	N	neu	N
zickengott	N	N	N	N	neu	N
Ziegengott	N	N	N	N	neu	N
Zigeunerkönig	N	N	N	N	neu	N
Zirkassierkönig	N	N	N	N	neu	N
Zirkuskönig	Y	Y	Y	Y	pos	Y
Zitronenhai	N	N	N	N	neu	N
Zuchthengst	Y	Y	N	N	pos	N
Zuckerkönig	Y	Y	Y	Y	pos	Y
Zuhälterkönig	Y	Y	Y	?	both	Y
Zukunftshengst	Y	Y	N	N	pos	N
Zulukönig	N	N	N	N	neu	N
Zunftbruder	N	N	N	N	neu	N
Zuschauergott	N	N	N	N	neu	N
Zwergbruder	Y	N	N	N	neu	Y
Zwergengott	N	N	N	N	neu	N
Zwergenkönig	N	N	N	N	neu	N
Zwerggott	Y	N	N	N	neu	N
Zwerghai	Y	N	N	N	neu	N
Zwergkaiser	Y	N	N	N	neu	N
Zwergkönig	N	N	N	N	neu	N
Zwiebelkönig	Y	Y	Y	Y	pos	Y
Zwillings-bruder	N	N	N	N	neu	N
Zwittergott	N	N	N	N	neu	N
Zylonengott	N	N	N	N	neu	N
